[Header],
FileFormatVersion,2
RunName,Wanessa P11-4
InstrumentPlatform,NextSeq1k2k
IndexOrientation,Forward
AnalysisLocation,Cloud

[Reads]
Read1Cycles,28
Read2Cycles,90
Index1Cycles,10
Index2Cycles,10

[Sequencing_Settings]
LibraryPrepKits,10x3PrimeUniversalGeneExpression

[BCLConvert_Settings]
SoftwareVersion,4.5.4
NoLaneSplitting,true
TrimUMI,0
OverrideCycles,U28;I7N3;I10;Y90
FastqCompressionFormat,gzip

[BCLConvert_Data]
Sample_ID,Index,Index2
P11,GTAACAT,AGTGTTACCT
DMem,GTGGATC,GCCAACCCTG
P11_O,CACTACG,TTAGACTGAT
O,CTCTAGC,TATCTTCATC

[Cloud_Settings]
GeneratedVersion,1.27.1.202609012028
Cloud_Workflow,ica_workflow_1
BCLConvert_Pipeline,urn:ilmn:ica:pipeline:961c94c9-84b5-4d1f-915d-c9d893b513f1#BCL_Convert_4-5-4

[Cloud_Data]
Sample_ID,ProjectName,LibraryName,LibraryPrepKitName
P11,Wanessa_P11-4_rescue_I1_7bp,P11_GTAACAT_AGTGTTACCT,10x3PrimeUniversalGeneExpression
DMem,Wanessa_P11-4_rescue_I1_7bp,DMem_GTGGATC_GCCAACCCTG,10x3PrimeUniversalGeneExpression
P11_O,Wanessa_P11-4_rescue_I1_7bp,P11_O_CACTACG_TTAGACTGAT,10x3PrimeUniversalGeneExpression
O,Wanessa_P11-4_rescue_I1_7bp,O_CTCTAGC_TATCTTCATC,10x3PrimeUniversalGeneExpression
